[
 {
   "region_id": 1,
   "region_name": "NCR",
   "region_description": "National Capital Region",
   "FIELD4": ""
 },
 {
   "region_id": 2,
   "region_name": "CAR",
   "region_description": "Cordillera Administrative Region",
   "FIELD4": ""
 },
 {
   "region_id": 3,
   "region_name": "Region I",
   "region_description": "Ilocos Region",
   "FIELD4": ""
 },
 {
   "region_id": 4,
   "region_name": "Region II",
   "region_description": "Cagayan Valley",
   "FIELD4": ""
 },
 {
   "region_id": 5,
   "region_name": "Region III",
   "region_description": "Central Luzon",
   "FIELD4": ""
 },
 {
   "region_id": 6,
   "region_name": "Region IV-A",
   "region_description": "CALABARZON",
   "FIELD4": ""
 },
 {
   "region_id": 7,
   "region_name": "Region IV-B",
   "region_description": "MIMAROPA",
   "FIELD4": ""
 },
 {
   "region_id": 8,
   "region_name": "Region V",
   "region_description": "Bicol Region",
   "FIELD4": ""
 },
 {
   "region_id": 9,
   "region_name": "Region VI",
   "region_description": "Western Visayas",
   "FIELD4": ""
 },
 {
   "region_id": 10,
   "region_name": "Region VII",
   "region_description": "Central Visayas",
   "FIELD4": ""
 },
 {
   "region_id": 11,
   "region_name": "Region VIII",
   "region_description": "Eastern Visayas",
   "FIELD4": ""
 },
 {
   "region_id": 12,
   "region_name": "Region IX",
   "region_description": "Zamboanga Peninsula",
   "FIELD4": ""
 },
 {
   "region_id": 13,
   "region_name": "Region X",
   "region_description": "Northern Mindanao",
   "FIELD4": ""
 },
 {
   "region_id": 14,
   "region_name": "Region XI",
   "region_description": "Davao Region",
   "FIELD4": ""
 },
 {
   "region_id": 15,
   "region_name": "Region XII",
   "region_description": "SOCCSKSARGEN",
   "FIELD4": ""
 },
 {
   "region_id": 16,
   "region_name": "Region XIII",
   "region_description": "CARAGA",
   "FIELD4": ""
 },
 {
   "region_id": 17,
   "region_name": "ARMM",
   "region_description": "Autonomous Region in Muslim Mindanao",
   "FIELD4": ""
 }
]